{
  "availability": {
    "overall": 0.9509433962264151,
    "reads": 0.956752655538695,
    "writes": 0.9451951951951952
  },
  "availability_by_window": {
    "warmup": {
      "overall": 0.9784172661870504,
      "reads": 0.9904306220095693,
      "writes": 0.9663461538461539,
      "ops": 417
    },
    "failure": {
      "overall": 0.9458128078817734,
      "reads": 0.9504057709648331,
      "writes": 0.9412811387900356,
      "ops": 2233
    },
    "recovery": {
      "overall": 0.0,
      "reads": 0.0,
      "writes": 0.0,
      "ops": 0
    }
  },
  "consistency": {
    "empty_reads": 0,
    "multi_version_reads": 60,
    "ryw_violations": 49,
    "monotonic_read_violations": 0,
    "monotonic_write_violations": 81,
    "stale_reads": 56,
    "stale_read_rate": 0.05389797882579403,
    "stale_reads_checked": 1039
  },
  "total_ops": 2650
}