{
  "availability": {
    "overall": 0.8520569620253164,
    "reads": 0.9178515007898894,
    "writes": 0.786053882725832
  },
  "availability_by_window": {
    "warmup": {
      "overall": 0.9448275862068966,
      "reads": 0.9872340425531915,
      "writes": 0.895,
      "ops": 435
    },
    "failure": {
      "overall": 0.8332534738859607,
      "reads": 0.9027237354085603,
      "writes": 0.7658168083097262,
      "ops": 2087
    },
    "recovery": {
      "overall": 0.6666666666666666,
      "reads": 0.6666666666666666,
      "writes": 0.6666666666666666,
      "ops": 6
    }
  },
  "consistency": {
    "empty_reads": 7,
    "multi_version_reads": 123,
    "ryw_violations": 18,
    "monotonic_read_violations": 2,
    "monotonic_write_violations": 28,
    "stale_reads": 241,
    "stale_read_rate": 0.25969827586206895,
    "stale_reads_checked": 928
  },
  "total_ops": 2528
}