{
  "availability": {
    "overall": 0.937123745819398,
    "reads": 0.9575342465753425,
    "writes": 0.9176470588235294
  },
  "availability_by_window": {
    "warmup": {
      "overall": 0.9785407725321889,
      "reads": 1.0,
      "writes": 0.9565217391304348,
      "ops": 233
    },
    "failure": {
      "overall": 0.9336,
      "reads": 0.9524590163934427,
      "writes": 0.915625,
      "ops": 1250
    },
    "recovery": {
      "overall": 0.5,
      "reads": 0.0,
      "writes": 0.6,
      "ops": 12
    }
  },
  "consistency": {
    "empty_reads": 2,
    "multi_version_reads": 27,
    "ryw_violations": 10,
    "monotonic_read_violations": 1,
    "monotonic_write_violations": 22,
    "stale_reads": 29,
    "stale_read_rate": 0.05788423153692615,
    "stale_reads_checked": 501
  },
  "total_ops": 1495
}