{
  "availability": {
    "overall": 0.949943117178612,
    "reads": 0.9508825786646201,
    "writes": 0.9490254872563718
  },
  "availability_by_window": {
    "warmup": {
      "overall": 0.9812206572769953,
      "reads": 0.986784140969163,
      "writes": 0.9748743718592965,
      "ops": 426
    },
    "failure": {
      "overall": 0.9438405797101449,
      "reads": 0.9433085501858736,
      "writes": 0.9443462897526502,
      "ops": 2208
    },
    "recovery": {
      "overall": 1.0,
      "reads": 0.0,
      "writes": 1.0,
      "ops": 3
    }
  },
  "consistency": {
    "empty_reads": 2,
    "multi_version_reads": 87,
    "ryw_violations": 57,
    "monotonic_read_violations": 1,
    "monotonic_write_violations": 76,
    "stale_reads": 47,
    "stale_read_rate": 0.04519230769230769,
    "stale_reads_checked": 1040
  },
  "total_ops": 2637
}