{
  "availability": {
    "overall": 0.903173311635476,
    "reads": 0.9629018961253092,
    "writes": 0.8449799196787149
  },
  "availability_by_window": {
    "warmup": {
      "overall": 0.9547619047619048,
      "reads": 1.0,
      "writes": 0.9064039408866995,
      "ops": 420
    },
    "failure": {
      "overall": 0.8925417075564279,
      "reads": 0.9548192771084337,
      "writes": 0.8330134357005758,
      "ops": 2038
    },
    "recovery": {
      "overall": 0.0,
      "reads": 0.0,
      "writes": 0.0,
      "ops": 0
    }
  },
  "consistency": {
    "empty_reads": 7,
    "multi_version_reads": 121,
    "ryw_violations": 15,
    "monotonic_read_violations": 1,
    "monotonic_write_violations": 21,
    "stale_reads": 195,
    "stale_read_rate": 0.21149674620390455,
    "stale_reads_checked": 922
  },
  "total_ops": 2458
}