{
  "availability": {
    "overall": 0.9744582043343654,
    "reads": 0.974981046247157,
    "writes": 0.9739130434782609
  },
  "availability_by_window": {
    "warmup": {
      "overall": 1.0,
      "reads": 1.0,
      "writes": 1.0,
      "ops": 412
    },
    "failure": {
      "overall": 0.9726851851851852,
      "reads": 0.9721223021582733,
      "writes": 0.9732824427480916,
      "ops": 2160
    },
    "recovery": {
      "overall": 0.4166666666666667,
      "reads": 0.0,
      "writes": 0.5,
      "ops": 12
    }
  },
  "consistency": {
    "empty_reads": 0,
    "multi_version_reads": 58,
    "ryw_violations": 61,
    "monotonic_read_violations": 0,
    "monotonic_write_violations": 73,
    "stale_reads": 42,
    "stale_read_rate": 0.03870967741935484,
    "stale_reads_checked": 1085
  },
  "total_ops": 2584
}