{
  "availability": {
    "overall": 0.9228295819935691,
    "reads": 0.967032967032967,
    "writes": 0.873641304347826
  },
  "availability_by_window": {
    "warmup": {
      "overall": 0.9348659003831418,
      "reads": 0.9863945578231292,
      "writes": 0.868421052631579,
      "ops": 261
    },
    "failure": {
      "overall": 0.9204018547140649,
      "reads": 0.9627976190476191,
      "writes": 0.8745980707395499,
      "ops": 1294
    },
    "recovery": {
      "overall": 0.0,
      "reads": 0.0,
      "writes": 0.0,
      "ops": 0
    }
  },
  "consistency": {
    "empty_reads": 8,
    "multi_version_reads": 22,
    "ryw_violations": 12,
    "monotonic_read_violations": 2,
    "monotonic_write_violations": 20,
    "stale_reads": 50,
    "stale_read_rate": 0.09074410163339383,
    "stale_reads_checked": 551
  },
  "total_ops": 1555
}