{
  "availability": {
    "overall": 0.9606569900687548,
    "reads": 0.9635258358662614,
    "writes": 0.9577572964669739
  },
  "availability_by_window": {
    "warmup": {
      "overall": 0.9951807228915662,
      "reads": 0.9905660377358491,
      "writes": 1.0,
      "ops": 415
    },
    "failure": {
      "overall": 0.9541534271448026,
      "reads": 0.9583333333333334,
      "writes": 0.9499545040946314,
      "ops": 2203
    },
    "recovery": {
      "overall": 0.0,
      "reads": 0.0,
      "writes": 0.0,
      "ops": 0
    }
  },
  "consistency": {
    "empty_reads": 3,
    "multi_version_reads": 63,
    "ryw_violations": 59,
    "monotonic_read_violations": 1,
    "monotonic_write_violations": 61,
    "stale_reads": 40,
    "stale_read_rate": 0.03795066413662239,
    "stale_reads_checked": 1054
  },
  "total_ops": 2618
}