{
  "availability": {
    "overall": 0.973919523099851,
    "reads": 0.9714703730797366,
    "writes": 0.976461655277145
  },
  "availability_by_window": {
    "warmup": {
      "overall": 0.988399071925754,
      "reads": 0.9823008849557522,
      "writes": 0.9951219512195122,
      "ops": 431
    },
    "failure": {
      "overall": 0.9711495783399912,
      "reads": 0.9693251533742331,
      "writes": 0.9730215827338129,
      "ops": 2253
    },
    "recovery": {
      "overall": 0.0,
      "reads": 0.0,
      "writes": 0.0,
      "ops": 0
    }
  },
  "consistency": {
    "empty_reads": 0,
    "multi_version_reads": 63,
    "ryw_violations": 56,
    "monotonic_read_violations": 1,
    "monotonic_write_violations": 85,
    "stale_reads": 28,
    "stale_read_rate": 0.025385312783318223,
    "stale_reads_checked": 1103
  },
  "total_ops": 2684
}