{
  "availability": {
    "overall": 0.9774535809018567,
    "reads": 0.9986595174262735,
    "writes": 0.9566929133858267
  },
  "availability_by_window": {
    "warmup": {
      "overall": 0.9875,
      "reads": 1.0,
      "writes": 0.972972972972973,
      "ops": 240
    },
    "failure": {
      "overall": 0.9755520504731862,
      "reads": 0.9983792544570502,
      "writes": 0.9539170506912442,
      "ops": 1268
    },
    "recovery": {
      "overall": 0.0,
      "reads": 0.0,
      "writes": 0.0,
      "ops": 0
    }
  },
  "consistency": {
    "empty_reads": 0,
    "multi_version_reads": 32,
    "ryw_violations": 16,
    "monotonic_read_violations": 1,
    "monotonic_write_violations": 23,
    "stale_reads": 36,
    "stale_read_rate": 0.07045009784735812,
    "stale_reads_checked": 511
  },
  "total_ops": 1508
}