{
  "availability": {
    "overall": 0.8372713414634146,
    "reads": 0.8371975806451613,
    "writes": 0.8385416666666666
  },
  "availability_by_window": {
    "warmup": {
      "overall": 0.9969418960244648,
      "reads": 0.9967469095640858,
      "writes": 1.0,
      "ops": 1635
    },
    "failure": {
      "overall": 0.8100954979536152,
      "reads": 0.8095100864553314,
      "writes": 0.8205128205128205,
      "ops": 3665
    },
    "recovery": {
      "overall": 0.8061970746728252,
      "reads": 0.8068389985752086,
      "writes": 0.7950530035335689,
      "ops": 5196
    }
  },
  "consistency": {
    "empty_reads": 533,
    "multi_version_reads": 33,
    "ryw_violations": 26,
    "monotonic_read_violations": 32,
    "monotonic_write_violations": 13,
    "stale_reads": 176,
    "stale_read_rate": 0.0961223375204806,
    "stale_reads_checked": 1831
  },
  "total_ops": 10496
}