{
  "availability": {
    "overall": 0.9178781925343812,
    "reads": 0.9172520661157024,
    "writes": 0.93
  },
  "availability_by_window": {
    "warmup": {
      "overall": 0.9944581280788177,
      "reads": 0.9942047649710238,
      "writes": 1.0,
      "ops": 1624
    },
    "failure": {
      "overall": 0.902332361516035,
      "reads": 0.900953552752999,
      "writes": 0.9273743016759777,
      "ops": 3430
    },
    "recovery": {
      "overall": 0.9040187280530628,
      "reads": 0.9036095159967186,
      "writes": 0.912,
      "ops": 5126
    }
  },
  "consistency": {
    "empty_reads": 494,
    "multi_version_reads": 80,
    "ryw_violations": 32,
    "monotonic_read_violations": 22,
    "monotonic_write_violations": 13,
    "stale_reads": 160,
    "stale_read_rate": 0.09009009009009009,
    "stale_reads_checked": 1776
  },
  "total_ops": 10180
}