{
  "availability": {
    "overall": 0.9037190082644628,
    "reads": 0.9838846480067854,
    "writes": 0.8275584206285254
  },
  "availability_by_window": {
    "warmup": {
      "overall": 0.9439252336448598,
      "reads": 1.0,
      "writes": 0.8743455497382199,
      "ops": 428
    },
    "failure": {
      "overall": 0.8950803212851406,
      "reads": 0.9798301486199575,
      "writes": 0.819047619047619,
      "ops": 1992
    },
    "recovery": {
      "overall": 0.0,
      "reads": 0.0,
      "writes": 0.0,
      "ops": 0
    }
  },
  "consistency": {
    "empty_reads": 13,
    "multi_version_reads": 114,
    "ryw_violations": 14,
    "monotonic_read_violations": 2,
    "monotonic_write_violations": 27,
    "stale_reads": 212,
    "stale_read_rate": 0.23766816143497757,
    "stale_reads_checked": 892
  },
  "total_ops": 2420
}