{
  "availability": {
    "overall": 0.9701269604182226,
    "reads": 0.9715994020926756,
    "writes": 0.9686567164179104
  },
  "availability_by_window": {
    "warmup": {
      "overall": 0.9928741092636579,
      "reads": 0.9952380952380953,
      "writes": 0.990521327014218,
      "ops": 421
    },
    "failure": {
      "overall": 0.9658839167035889,
      "reads": 0.9671985815602837,
      "writes": 0.9645704162976085,
      "ops": 2257
    },
    "recovery": {
      "overall": 0.0,
      "reads": 0.0,
      "writes": 0.0,
      "ops": 0
    }
  },
  "consistency": {
    "empty_reads": 0,
    "multi_version_reads": 75,
    "ryw_violations": 59,
    "monotonic_read_violations": 0,
    "monotonic_write_violations": 58,
    "stale_reads": 36,
    "stale_read_rate": 0.03275705186533212,
    "stale_reads_checked": 1099
  },
  "total_ops": 2678
}