{
  "availability": {
    "overall": 0.8846153846153846,
    "reads": 0.8813905930470347,
    "writes": 0.8878892733564013
  },
  "availability_by_window": {
    "warmup": {
      "overall": 0.9555555555555556,
      "reads": 0.9433198380566802,
      "writes": 0.9704433497536946,
      "ops": 450
    },
    "failure": {
      "overall": 0.8716490658001624,
      "reads": 0.8688524590163934,
      "writes": 0.8743961352657005,
      "ops": 2462
    },
    "recovery": {
      "overall": 0.0,
      "reads": 0.0,
      "writes": 0.0,
      "ops": 0
    }
  },
  "consistency": {
    "empty_reads": 0,
    "multi_version_reads": 63,
    "ryw_violations": 60,
    "monotonic_read_violations": 0,
    "monotonic_write_violations": 92,
    "stale_reads": 24,
    "stale_read_rate": 0.022684310018903593,
    "stale_reads_checked": 1058
  },
  "total_ops": 2912
}