{
  "availability": {
    "overall": 0.9706755753526355,
    "reads": 0.9731494920174165,
    "writes": 0.9680851063829787
  },
  "availability_by_window": {
    "warmup": {
      "overall": 0.9861431870669746,
      "reads": 0.9874476987447699,
      "writes": 0.9845360824742269,
      "ops": 433
    },
    "failure": {
      "overall": 0.9677134011499336,
      "reads": 0.9701492537313433,
      "writes": 0.9652406417112299,
      "ops": 2261
    },
    "recovery": {
      "overall": 0.0,
      "reads": 0.0,
      "writes": 0.0,
      "ops": 0
    }
  },
  "consistency": {
    "empty_reads": 0,
    "multi_version_reads": 52,
    "ryw_violations": 47,
    "monotonic_read_violations": 1,
    "monotonic_write_violations": 75,
    "stale_reads": 32,
    "stale_read_rate": 0.029038112522686024,
    "stale_reads_checked": 1102
  },
  "total_ops": 2694
}