{
  "availability": {
    "overall": 0.9462227912932138,
    "reads": 0.9685863874345549,
    "writes": 0.924812030075188
  },
  "availability_by_window": {
    "warmup": {
      "overall": 0.9796747967479674,
      "reads": 0.9922480620155039,
      "writes": 0.9658119658119658,
      "ops": 246
    },
    "failure": {
      "overall": 0.9396946564885497,
      "reads": 0.9637223974763407,
      "writes": 0.9171597633136095,
      "ops": 1310
    },
    "recovery": {
      "overall": 1.0,
      "reads": 1.0,
      "writes": 1.0,
      "ops": 6
    }
  },
  "consistency": {
    "empty_reads": 2,
    "multi_version_reads": 27,
    "ryw_violations": 18,
    "monotonic_read_violations": 1,
    "monotonic_write_violations": 25,
    "stale_reads": 29,
    "stale_read_rate": 0.054307116104868915,
    "stale_reads_checked": 534
  },
  "total_ops": 1562
}