{
  "availability": {
    "overall": 0.9372549019607843,
    "reads": 0.9531645569620253,
    "writes": 0.9202702702702703
  },
  "availability_by_window": {
    "warmup": {
      "overall": 0.9793388429752066,
      "reads": 1.0,
      "writes": 0.9553571428571429,
      "ops": 242
    },
    "failure": {
      "overall": 0.93359375,
      "reads": 0.9482496194824962,
      "writes": 0.9181380417335474,
      "ops": 1280
    },
    "recovery": {
      "overall": 0.25,
      "reads": 0.0,
      "writes": 0.4,
      "ops": 8
    }
  },
  "consistency": {
    "empty_reads": 0,
    "multi_version_reads": 30,
    "ryw_violations": 11,
    "monotonic_read_violations": 1,
    "monotonic_write_violations": 24,
    "stale_reads": 39,
    "stale_read_rate": 0.07330827067669173,
    "stale_reads_checked": 532
  },
  "total_ops": 1530
}