{
  "availability": {
    "overall": 0.9704142011834319,
    "reads": 0.9693732193732194,
    "writes": 0.9715384615384616
  },
  "availability_by_window": {
    "warmup": {
      "overall": 0.9860788863109049,
      "reads": 0.9955555555555555,
      "writes": 0.9757281553398058,
      "ops": 431
    },
    "failure": {
      "overall": 0.9674439067311923,
      "reads": 0.9643765903307888,
      "writes": 0.9707495429616088,
      "ops": 2273
    },
    "recovery": {
      "overall": 0.0,
      "reads": 0.0,
      "writes": 0.0,
      "ops": 0
    }
  },
  "consistency": {
    "empty_reads": 0,
    "multi_version_reads": 67,
    "ryw_violations": 76,
    "monotonic_read_violations": 0,
    "monotonic_write_violations": 67,
    "stale_reads": 36,
    "stale_read_rate": 0.03130434782608696,
    "stale_reads_checked": 1150
  },
  "total_ops": 2704
}