{
  "availability": {
    "overall": 0.9968216130313866,
    "reads": 1.0,
    "writes": 0.9936254980079682
  },
  "availability_by_window": {
    "warmup": {
      "overall": 0.9975429975429976,
      "reads": 1.0,
      "writes": 0.9949494949494949,
      "ops": 407
    },
    "failure": {
      "overall": 0.9966824644549763,
      "reads": 1.0,
      "writes": 0.9933774834437086,
      "ops": 2110
    },
    "recovery": {
      "overall": 0.0,
      "reads": 0.0,
      "writes": 0.0,
      "ops": 0
    }
  },
  "consistency": {
    "empty_reads": 0,
    "multi_version_reads": 74,
    "ryw_violations": 53,
    "monotonic_read_violations": 0,
    "monotonic_write_violations": 67,
    "stale_reads": 54,
    "stale_read_rate": 0.05187319884726225,
    "stale_reads_checked": 1041
  },
  "total_ops": 2517
}