{
  "availability": {
    "overall": 0.8284042898927527,
    "reads": 0.8325777202072538,
    "writes": 0.8242009132420092
  },
  "availability_by_window": {
    "warmup": {
      "overall": 0.9912854030501089,
      "reads": 0.9933184855233853,
      "writes": 0.9893390191897654,
      "ops": 918
    },
    "failure": {
      "overall": 0.78759765625,
      "reads": 0.799407114624506,
      "writes": 0.7760617760617761,
      "ops": 2048
    },
    "recovery": {
      "overall": 0.8077164366373902,
      "reads": 0.8088506453595574,
      "writes": 0.8065342729019859,
      "ops": 3188
    }
  },
  "consistency": {
    "empty_reads": 0,
    "multi_version_reads": 7,
    "ryw_violations": 128,
    "monotonic_read_violations": 1,
    "monotonic_write_violations": 279,
    "stale_reads": 0,
    "stale_read_rate": 0.0,
    "stale_reads_checked": 1686
  },
  "total_ops": 6154
}