{
  "availability": {
    "overall": 0.8492381716118684,
    "reads": 0.9340478153338829,
    "writes": 0.7689305230288837
  },
  "availability_by_window": {
    "warmup": {
      "overall": 0.8976744186046511,
      "reads": 0.9574468085106383,
      "writes": 0.8256410256410256,
      "ops": 430
    },
    "failure": {
      "overall": 0.8391472868217055,
      "reads": 0.9284253578732107,
      "writes": 0.7587476979742173,
      "ops": 2064
    },
    "recovery": {
      "overall": 0.0,
      "reads": 0.0,
      "writes": 0.0,
      "ops": 0
    }
  },
  "consistency": {
    "empty_reads": 15,
    "multi_version_reads": 115,
    "ryw_violations": 20,
    "monotonic_read_violations": 3,
    "monotonic_write_violations": 19,
    "stale_reads": 223,
    "stale_read_rate": 0.2539863325740319,
    "stale_reads_checked": 878
  },
  "total_ops": 2494
}