{
  "availability": {
    "overall": 0.9746173945502054,
    "reads": 0.9808400884303611,
    "writes": 0.9682299546142209
  },
  "availability_by_window": {
    "warmup": {
      "overall": 0.993006993006993,
      "reads": 0.986784140969163,
      "writes": 1.0,
      "ops": 429
    },
    "failure": {
      "overall": 0.9711111111111111,
      "reads": 0.9796460176991151,
      "writes": 0.9625,
      "ops": 2250
    },
    "recovery": {
      "overall": 0.0,
      "reads": 0.0,
      "writes": 0.0,
      "ops": 0
    }
  },
  "consistency": {
    "empty_reads": 0,
    "multi_version_reads": 88,
    "ryw_violations": 55,
    "monotonic_read_violations": 0,
    "monotonic_write_violations": 87,
    "stale_reads": 46,
    "stale_read_rate": 0.040998217468805706,
    "stale_reads_checked": 1122
  },
  "total_ops": 2679
}