{
  "availability": {
    "overall": 0.9453174104336896,
    "reads": 0.9556400506970849,
    "writes": 0.9351620947630923
  },
  "availability_by_window": {
    "warmup": {
      "overall": 0.9796747967479674,
      "reads": 0.9924242424242424,
      "writes": 0.9649122807017544,
      "ops": 246
    },
    "failure": {
      "overall": 0.9390334572490706,
      "reads": 0.9482496194824962,
      "writes": 0.9302325581395349,
      "ops": 1345
    },
    "recovery": {
      "overall": 0.0,
      "reads": 0.0,
      "writes": 0.0,
      "ops": 0
    }
  },
  "consistency": {
    "empty_reads": 1,
    "multi_version_reads": 41,
    "ryw_violations": 19,
    "monotonic_read_violations": 2,
    "monotonic_write_violations": 26,
    "stale_reads": 26,
    "stale_read_rate": 0.050387596899224806,
    "stale_reads_checked": 516
  },
  "total_ops": 1591
}