{
  "availability": {
    "overall": 0.9716394716394716,
    "reads": 0.9689737470167065,
    "writes": 0.9741837509491268
  },
  "availability_by_window": {
    "warmup": {
      "overall": 1.0,
      "reads": 1.0,
      "writes": 1.0,
      "ops": 432
    },
    "failure": {
      "overall": 0.9690286250586579,
      "reads": 0.9638671875,
      "writes": 0.973803071364047,
      "ops": 2131
    },
    "recovery": {
      "overall": 0.36363636363636365,
      "reads": 0.0,
      "writes": 0.4444444444444444,
      "ops": 11
    }
  },
  "consistency": {
    "empty_reads": 0,
    "multi_version_reads": 60,
    "ryw_violations": 60,
    "monotonic_read_violations": 0,
    "monotonic_write_violations": 73,
    "stale_reads": 43,
    "stale_read_rate": 0.04270109235352532,
    "stale_reads_checked": 1007
  },
  "total_ops": 2574
}