{
  "availability": {
    "overall": 0.9111888111888112,
    "reads": 0.9094650205761317,
    "writes": 0.912981455064194
  },
  "availability_by_window": {
    "warmup": {
      "overall": 0.9793103448275862,
      "reads": 0.9826839826839827,
      "writes": 0.9754901960784313,
      "ops": 435
    },
    "failure": {
      "overall": 0.8989690721649485,
      "reads": 0.895680521597392,
      "writes": 0.9023372287145242,
      "ops": 2425
    },
    "recovery": {
      "overall": 0.0,
      "reads": 0.0,
      "writes": 0.0,
      "ops": 0
    }
  },
  "consistency": {
    "empty_reads": 0,
    "multi_version_reads": 77,
    "ryw_violations": 52,
    "monotonic_read_violations": 0,
    "monotonic_write_violations": 86,
    "stale_reads": 39,
    "stale_read_rate": 0.036011080332409975,
    "stale_reads_checked": 1083
  },
  "total_ops": 2860
}