{
  "availability": {
    "overall": 0.9532780708364732,
    "reads": 0.9509433962264151,
    "writes": 0.9556057185854026
  },
  "availability_by_window": {
    "warmup": {
      "overall": 0.9757281553398058,
      "reads": 0.9739583333333334,
      "writes": 0.9772727272727273,
      "ops": 412
    },
    "failure": {
      "overall": 0.9491525423728814,
      "reads": 0.9470432480141218,
      "writes": 0.951307484220018,
      "ops": 2242
    },
    "recovery": {
      "overall": 0.0,
      "reads": 0.0,
      "writes": 0.0,
      "ops": 0
    }
  },
  "consistency": {
    "empty_reads": 0,
    "multi_version_reads": 60,
    "ryw_violations": 52,
    "monotonic_read_violations": 0,
    "monotonic_write_violations": 88,
    "stale_reads": 33,
    "stale_read_rate": 0.030612244897959183,
    "stale_reads_checked": 1078
  },
  "total_ops": 2654
}