{
  "availability": {
    "overall": 0.9343401181877873,
    "reads": 0.9512820512820512,
    "writes": 0.9165545087483177
  },
  "availability_by_window": {
    "warmup": {
      "overall": 0.9796747967479674,
      "reads": 1.0,
      "writes": 0.9565217391304348,
      "ops": 246
    },
    "failure": {
      "overall": 0.9306540583136328,
      "reads": 0.9472868217054263,
      "writes": 0.9134615384615384,
      "ops": 1269
    },
    "recovery": {
      "overall": 0.125,
      "reads": 0.0,
      "writes": 0.25,
      "ops": 8
    }
  },
  "consistency": {
    "empty_reads": 0,
    "multi_version_reads": 24,
    "ryw_violations": 15,
    "monotonic_read_violations": 0,
    "monotonic_write_violations": 21,
    "stale_reads": 36,
    "stale_read_rate": 0.06870229007633588,
    "stale_reads_checked": 524
  },
  "total_ops": 1523
}