{
  "availability": {
    "overall": 0.9623944742900997,
    "reads": 0.9577015163607342,
    "writes": 0.9667405764966741
  },
  "availability_by_window": {
    "warmup": {
      "overall": 0.9929078014184397,
      "reads": 0.9951456310679612,
      "writes": 0.9907834101382489,
      "ops": 423
    },
    "failure": {
      "overall": 0.956481905634448,
      "reads": 0.9503342884431709,
      "writes": 0.9621478873239436,
      "ops": 2183
    },
    "recovery": {
      "overall": 0.0,
      "reads": 0.0,
      "writes": 0.0,
      "ops": 0
    }
  },
  "consistency": {
    "empty_reads": 0,
    "multi_version_reads": 67,
    "ryw_violations": 46,
    "monotonic_read_violations": 0,
    "monotonic_write_violations": 75,
    "stale_reads": 39,
    "stale_read_rate": 0.03812316715542522,
    "stale_reads_checked": 1023
  },
  "total_ops": 2606
}