{
  "availability": {
    "overall": 0.9358638743455497,
    "reads": 0.9532710280373832,
    "writes": 0.9191270860077022
  },
  "availability_by_window": {
    "warmup": {
      "overall": 0.975,
      "reads": 1.0,
      "writes": 0.9459459459459459,
      "ops": 240
    },
    "failure": {
      "overall": 0.9310884886452623,
      "reads": 0.9435483870967742,
      "writes": 0.9193302891933028,
      "ops": 1277
    },
    "recovery": {
      "overall": 0.6363636363636364,
      "reads": 0.0,
      "writes": 0.6363636363636364,
      "ops": 11
    }
  },
  "consistency": {
    "empty_reads": 0,
    "multi_version_reads": 17,
    "ryw_violations": 16,
    "monotonic_read_violations": 1,
    "monotonic_write_violations": 20,
    "stale_reads": 29,
    "stale_read_rate": 0.058823529411764705,
    "stale_reads_checked": 493
  },
  "total_ops": 1528
}