{
  "availability": {
    "overall": 0.950137416568512,
    "reads": 0.9511041009463722,
    "writes": 0.9491790461297889
  },
  "availability_by_window": {
    "warmup": {
      "overall": 1.0,
      "reads": 1.0,
      "writes": 1.0,
      "ops": 422
    },
    "failure": {
      "overall": 0.9454200284765069,
      "reads": 0.9458413926499033,
      "writes": 0.9450139794967382,
      "ops": 2107
    },
    "recovery": {
      "overall": 0.3333333333333333,
      "reads": 0.0,
      "writes": 0.5,
      "ops": 18
    }
  },
  "consistency": {
    "empty_reads": 0,
    "multi_version_reads": 51,
    "ryw_violations": 45,
    "monotonic_read_violations": 0,
    "monotonic_write_violations": 76,
    "stale_reads": 49,
    "stale_read_rate": 0.050256410256410255,
    "stale_reads_checked": 975
  },
  "total_ops": 2547
}