{
  "availability": {
    "overall": 0.8333960135389245,
    "reads": 0.8876233864844343,
    "writes": 0.7801788375558867
  },
  "availability_by_window": {
    "warmup": {
      "overall": 0.8875255623721882,
      "reads": 0.9328621908127208,
      "writes": 0.8252427184466019,
      "ops": 489
    },
    "failure": {
      "overall": 0.8211981566820277,
      "reads": 0.8752417794970987,
      "writes": 0.7720070422535211,
      "ops": 2170
    },
    "recovery": {
      "overall": 0.0,
      "reads": 0.0,
      "writes": 0.0,
      "ops": 0
    }
  },
  "consistency": {
    "empty_reads": 19,
    "multi_version_reads": 117,
    "ryw_violations": 18,
    "monotonic_read_violations": 2,
    "monotonic_write_violations": 23,
    "stale_reads": 212,
    "stale_read_rate": 0.23399558498896247,
    "stale_reads_checked": 906
  },
  "total_ops": 2659
}