{
  "availability": {
    "overall": 0.8431180691454664,
    "reads": 0.8444157520981278,
    "writes": 0.8417930125247198
  },
  "availability_by_window": {
    "warmup": {
      "overall": 0.9375,
      "reads": 0.9406392694063926,
      "writes": 0.9344978165938864,
      "ops": 448
    },
    "failure": {
      "overall": 0.8269671504965622,
      "reads": 0.8285714285714286,
      "writes": 0.8253105590062112,
      "ops": 2618
    },
    "recovery": {
      "overall": 0.0,
      "reads": 0.0,
      "writes": 0.0,
      "ops": 0
    }
  },
  "consistency": {
    "empty_reads": 0,
    "multi_version_reads": 60,
    "ryw_violations": 53,
    "monotonic_read_violations": 0,
    "monotonic_write_violations": 71,
    "stale_reads": 33,
    "stale_read_rate": 0.02954341987466428,
    "stale_reads_checked": 1117
  },
  "total_ops": 3066
}