{
  "availability": {
    "overall": 0.9711316397228638,
    "reads": 0.9710806697108066,
    "writes": 0.971183800623053
  },
  "availability_by_window": {
    "warmup": {
      "overall": 1.0,
      "reads": 1.0,
      "writes": 1.0,
      "ops": 422
    },
    "failure": {
      "overall": 0.9690388170055453,
      "reads": 0.9685767097966729,
      "writes": 0.9695009242144177,
      "ops": 2164
    },
    "recovery": {
      "overall": 0.3333333333333333,
      "reads": 0.0,
      "writes": 0.5,
      "ops": 12
    }
  },
  "consistency": {
    "empty_reads": 0,
    "multi_version_reads": 45,
    "ryw_violations": 46,
    "monotonic_read_violations": 0,
    "monotonic_write_violations": 74,
    "stale_reads": 41,
    "stale_read_rate": 0.03857008466603951,
    "stale_reads_checked": 1063
  },
  "total_ops": 2598
}