{
  "availability": {
    "overall": 0.7175145954962469,
    "reads": 0.717534463078409,
    "writes": 0.7171381031613977
  },
  "availability_by_window": {
    "warmup": {
      "overall": 0.8039936941671045,
      "reads": 0.8038781163434903,
      "writes": 0.8061224489795918,
      "ops": 1903
    },
    "failure": {
      "overall": 0.6949950445986125,
      "reads": 0.6941268191268192,
      "writes": 0.7127659574468085,
      "ops": 4036
    },
    "recovery": {
      "overall": 0.7053379606676582,
      "reads": 0.7060669456066946,
      "writes": 0.692063492063492,
      "ops": 6051
    }
  },
  "consistency": {
    "empty_reads": 0,
    "multi_version_reads": 19,
    "ryw_violations": 23,
    "monotonic_read_violations": 16,
    "monotonic_write_violations": 10,
    "stale_reads": 0,
    "stale_read_rate": 0.0,
    "stale_reads_checked": 1499
  },
  "total_ops": 11990
}