{
  "availability": {
    "overall": 0.9618138424821002,
    "reads": 0.9607056936647955,
    "writes": 0.9629044988161011
  },
  "availability_by_window": {
    "warmup": {
      "overall": 1.0,
      "reads": 1.0,
      "writes": 1.0,
      "ops": 423
    },
    "failure": {
      "overall": 0.9581328200192493,
      "reads": 0.9568627450980393,
      "writes": 0.9593572778827977,
      "ops": 2078
    },
    "recovery": {
      "overall": 0.3076923076923077,
      "reads": 0.0,
      "writes": 0.5,
      "ops": 13
    }
  },
  "consistency": {
    "empty_reads": 0,
    "multi_version_reads": 51,
    "ryw_violations": 40,
    "monotonic_read_violations": 0,
    "monotonic_write_violations": 72,
    "stale_reads": 70,
    "stale_read_rate": 0.07121057985757884,
    "stale_reads_checked": 983
  },
  "total_ops": 2514
}