{
  "availability": {
    "overall": 0.9727732399844419,
    "reads": 0.9739747634069401,
    "writes": 0.9716039907904835
  },
  "availability_by_window": {
    "warmup": {
      "overall": 1.0,
      "reads": 1.0,
      "writes": 1.0,
      "ops": 415
    },
    "failure": {
      "overall": 0.9688516968851697,
      "reads": 0.9715639810426541,
      "writes": 0.9662408759124088,
      "ops": 2151
    },
    "recovery": {
      "overall": 0.4,
      "reads": 0.0,
      "writes": 1.0,
      "ops": 5
    }
  },
  "consistency": {
    "empty_reads": 0,
    "multi_version_reads": 59,
    "ryw_violations": 72,
    "monotonic_read_violations": 1,
    "monotonic_write_violations": 76,
    "stale_reads": 64,
    "stale_read_rate": 0.061010486177311724,
    "stale_reads_checked": 1049
  },
  "total_ops": 2571
}