{
  "availability": {
    "overall": 0.8467583497053045,
    "reads": 0.923896499238965,
    "writes": 0.7644191714053615
  },
  "availability_by_window": {
    "warmup": {
      "overall": 0.9013761467889908,
      "reads": 0.9637096774193549,
      "writes": 0.8191489361702128,
      "ops": 436
    },
    "failure": {
      "overall": 0.8354670459933617,
      "reads": 0.9146341463414634,
      "writes": 0.7545541706615532,
      "ops": 2109
    },
    "recovery": {
      "overall": 0.0,
      "reads": 0.0,
      "writes": 0.0,
      "ops": 0
    }
  },
  "consistency": {
    "empty_reads": 12,
    "multi_version_reads": 157,
    "ryw_violations": 11,
    "monotonic_read_violations": 0,
    "monotonic_write_violations": 18,
    "stale_reads": 232,
    "stale_read_rate": 0.24812834224598931,
    "stale_reads_checked": 935
  },
  "total_ops": 2545
}