{
  "availability": {
    "overall": 0.9505530253741054,
    "reads": 0.9720457433290979,
    "writes": 0.928
  },
  "availability_by_window": {
    "warmup": {
      "overall": 0.9925093632958801,
      "reads": 1.0,
      "writes": 0.9833333333333333,
      "ops": 267
    },
    "failure": {
      "overall": 0.944620253164557,
      "reads": 0.9716981132075472,
      "writes": 0.9171974522292994,
      "ops": 1264
    },
    "recovery": {
      "overall": 0.3333333333333333,
      "reads": 0.0,
      "writes": 1.0,
      "ops": 6
    }
  },
  "consistency": {
    "empty_reads": 1,
    "multi_version_reads": 48,
    "ryw_violations": 12,
    "monotonic_read_violations": 0,
    "monotonic_write_violations": 19,
    "stale_reads": 33,
    "stale_read_rate": 0.06432748538011696,
    "stale_reads_checked": 513
  },
  "total_ops": 1537
}