{
  "availability": {
    "overall": 0.9777777777777777,
    "reads": 0.9986468200270636,
    "writes": 0.9571045576407506
  },
  "availability_by_window": {
    "warmup": {
      "overall": 0.9960629921259843,
      "reads": 1.0,
      "writes": 0.9911504424778761,
      "ops": 254
    },
    "failure": {
      "overall": 0.9740048740861088,
      "reads": 0.9983277591973244,
      "writes": 0.9510268562401264,
      "ops": 1231
    },
    "recovery": {
      "overall": 0.0,
      "reads": 0.0,
      "writes": 0.0,
      "ops": 0
    }
  },
  "consistency": {
    "empty_reads": 0,
    "multi_version_reads": 43,
    "ryw_violations": 13,
    "monotonic_read_violations": 0,
    "monotonic_write_violations": 21,
    "stale_reads": 39,
    "stale_read_rate": 0.07344632768361582,
    "stale_reads_checked": 531
  },
  "total_ops": 1485
}