{
  "availability": {
    "overall": 0.9712041884816754,
    "reads": 0.9671150971599403,
    "writes": 0.9752994011976048
  },
  "availability_by_window": {
    "warmup": {
      "overall": 0.9953271028037384,
      "reads": 1.0,
      "writes": 0.9903381642512077,
      "ops": 428
    },
    "failure": {
      "overall": 0.9666073018699911,
      "reads": 0.9606087735004476,
      "writes": 0.9725420726306466,
      "ops": 2246
    },
    "recovery": {
      "overall": 0.0,
      "reads": 0.0,
      "writes": 0.0,
      "ops": 0
    }
  },
  "consistency": {
    "empty_reads": 0,
    "multi_version_reads": 75,
    "ryw_violations": 60,
    "monotonic_read_violations": 0,
    "monotonic_write_violations": 77,
    "stale_reads": 39,
    "stale_read_rate": 0.035681610247026534,
    "stale_reads_checked": 1093
  },
  "total_ops": 2674
}