{
  "availability": {
    "overall": 0.8967136150234741,
    "reads": 0.9472459270752521,
    "writes": 0.8453038674033149
  },
  "availability_by_window": {
    "warmup": {
      "overall": 0.9331683168316832,
      "reads": 0.9951456310679612,
      "writes": 0.8686868686868687,
      "ops": 404
    },
    "failure": {
      "overall": 0.8928404305100608,
      "reads": 0.9407407407407408,
      "writes": 0.8438978240302744,
      "ops": 2137
    },
    "recovery": {
      "overall": 0.4666666666666667,
      "reads": 0.0,
      "writes": 0.5833333333333334,
      "ops": 15
    }
  },
  "consistency": {
    "empty_reads": 7,
    "multi_version_reads": 106,
    "ryw_violations": 22,
    "monotonic_read_violations": 0,
    "monotonic_write_violations": 31,
    "stale_reads": 159,
    "stale_read_rate": 0.16754478398314016,
    "stale_reads_checked": 949
  },
  "total_ops": 2556
}