{
  "availability": {
    "overall": 0.9814077025232404,
    "reads": 0.9973753280839895,
    "writes": 0.9650537634408602
  },
  "availability_by_window": {
    "warmup": {
      "overall": 0.9922178988326849,
      "reads": 1.0,
      "writes": 0.9826086956521739,
      "ops": 257
    },
    "failure": {
      "overall": 0.9791833466773419,
      "reads": 0.9967741935483871,
      "writes": 0.9618441971383148,
      "ops": 1249
    },
    "recovery": {
      "overall": 0.0,
      "reads": 0.0,
      "writes": 0.0,
      "ops": 0
    }
  },
  "consistency": {
    "empty_reads": 0,
    "multi_version_reads": 25,
    "ryw_violations": 20,
    "monotonic_read_violations": 0,
    "monotonic_write_violations": 18,
    "stale_reads": 14,
    "stale_read_rate": 0.02631578947368421,
    "stale_reads_checked": 532
  },
  "total_ops": 1506
}