{
  "availability": {
    "overall": 0.8722891566265061,
    "reads": 0.9411290322580645,
    "writes": 0.804
  },
  "availability_by_window": {
    "warmup": {
      "overall": 0.9197080291970803,
      "reads": 0.9807692307692307,
      "writes": 0.8571428571428571,
      "ops": 411
    },
    "failure": {
      "overall": 0.862914862914863,
      "reads": 0.9331395348837209,
      "writes": 0.7936962750716332,
      "ops": 2079
    },
    "recovery": {
      "overall": 0.0,
      "reads": 0.0,
      "writes": 0.0,
      "ops": 0
    }
  },
  "consistency": {
    "empty_reads": 4,
    "multi_version_reads": 129,
    "ryw_violations": 15,
    "monotonic_read_violations": 0,
    "monotonic_write_violations": 26,
    "stale_reads": 209,
    "stale_read_rate": 0.2299229922992299,
    "stale_reads_checked": 909
  },
  "total_ops": 2490
}