{
  "availability": {
    "overall": 0.9060728744939271,
    "reads": 0.9454397394136808,
    "writes": 0.8671497584541062
  },
  "availability_by_window": {
    "warmup": {
      "overall": 0.927360774818402,
      "reads": 1.0,
      "writes": 0.8584905660377359,
      "ops": 413
    },
    "failure": {
      "overall": 0.9017509727626459,
      "reads": 0.934761441090555,
      "writes": 0.8688046647230321,
      "ops": 2056
    },
    "recovery": {
      "overall": 1.0,
      "reads": 0.0,
      "writes": 1.0,
      "ops": 1
    }
  },
  "consistency": {
    "empty_reads": 3,
    "multi_version_reads": 149,
    "ryw_violations": 14,
    "monotonic_read_violations": 1,
    "monotonic_write_violations": 29,
    "stale_reads": 169,
    "stale_read_rate": 0.1799787007454739,
    "stale_reads_checked": 939
  },
  "total_ops": 2470
}