{
  "availability": {
    "overall": 0.8711755233494364,
    "reads": 0.9487603305785124,
    "writes": 0.7974882260596546
  },
  "availability_by_window": {
    "warmup": {
      "overall": 0.9357798165137615,
      "reads": 0.9653679653679653,
      "writes": 0.9024390243902439,
      "ops": 436
    },
    "failure": {
      "overall": 0.857421875,
      "reads": 0.9448416751787538,
      "writes": 0.7773620205799813,
      "ops": 2048
    },
    "recovery": {
      "overall": 0.0,
      "reads": 0.0,
      "writes": 0.0,
      "ops": 0
    }
  },
  "consistency": {
    "empty_reads": 8,
    "multi_version_reads": 116,
    "ryw_violations": 20,
    "monotonic_read_violations": 3,
    "monotonic_write_violations": 20,
    "stale_reads": 211,
    "stale_read_rate": 0.2347052280311457,
    "stale_reads_checked": 899
  },
  "total_ops": 2484
}