{
  "availability": {
    "overall": 0.84642166344294,
    "reads": 0.9038461538461539,
    "writes": 0.7834549878345499
  },
  "availability_by_window": {
    "warmup": {
      "overall": 0.9210526315789473,
      "reads": 0.9547325102880658,
      "writes": 0.8826291079812206,
      "ops": 456
    },
    "failure": {
      "overall": 0.8300376647834274,
      "reads": 0.8924050632911392,
      "writes": 0.762278978388998,
      "ops": 2124
    },
    "recovery": {
      "overall": 1.0,
      "reads": 1.0,
      "writes": 1.0,
      "ops": 5
    }
  },
  "consistency": {
    "empty_reads": 14,
    "multi_version_reads": 134,
    "ryw_violations": 15,
    "monotonic_read_violations": 0,
    "monotonic_write_violations": 22,
    "stale_reads": 188,
    "stale_read_rate": 0.20546448087431693,
    "stale_reads_checked": 915
  },
  "total_ops": 2585
}