{
  "availability": {
    "overall": 0.94243301955105,
    "reads": 0.9525179856115108,
    "writes": 0.9322157434402333
  },
  "availability_by_window": {
    "warmup": {
      "overall": 0.9930555555555556,
      "reads": 0.995575221238938,
      "writes": 0.9902912621359223,
      "ops": 432
    },
    "failure": {
      "overall": 0.9330472103004291,
      "reads": 0.9441580756013745,
      "writes": 0.9219554030874786,
      "ops": 2330
    },
    "recovery": {
      "overall": 0.0,
      "reads": 0.0,
      "writes": 0.0,
      "ops": 0
    }
  },
  "consistency": {
    "empty_reads": 0,
    "multi_version_reads": 89,
    "ryw_violations": 56,
    "monotonic_read_violations": 0,
    "monotonic_write_violations": 76,
    "stale_reads": 51,
    "stale_read_rate": 0.045454545454545456,
    "stale_reads_checked": 1122
  },
  "total_ops": 2762
}