{
  "availability": {
    "overall": 0.9701269604182226,
    "reads": 0.9672862453531599,
    "writes": 0.972993248312078
  },
  "availability_by_window": {
    "warmup": {
      "overall": 0.995260663507109,
      "reads": 0.9906542056074766,
      "writes": 1.0,
      "ops": 422
    },
    "failure": {
      "overall": 0.9653641207815276,
      "reads": 0.9628647214854111,
      "writes": 0.967885816235504,
      "ops": 2252
    },
    "recovery": {
      "overall": 1.0,
      "reads": 0.0,
      "writes": 1.0,
      "ops": 4
    }
  },
  "consistency": {
    "empty_reads": 0,
    "multi_version_reads": 71,
    "ryw_violations": 64,
    "monotonic_read_violations": 0,
    "monotonic_write_violations": 68,
    "stale_reads": 36,
    "stale_read_rate": 0.03308823529411765,
    "stale_reads_checked": 1088
  },
  "total_ops": 2678
}