{
  "availability": {
    "overall": 0.958523592085236,
    "reads": 0.9603053435114504,
    "writes": 0.956752655538695
  },
  "availability_by_window": {
    "warmup": {
      "overall": 0.993006993006993,
      "reads": 0.9867256637168141,
      "writes": 1.0,
      "ops": 429
    },
    "failure": {
      "overall": 0.9517962710322874,
      "reads": 0.9547970479704797,
      "writes": 0.9488789237668162,
      "ops": 2199
    },
    "recovery": {
      "overall": 0.0,
      "reads": 0.0,
      "writes": 0.0,
      "ops": 0
    }
  },
  "consistency": {
    "empty_reads": 0,
    "multi_version_reads": 66,
    "ryw_violations": 61,
    "monotonic_read_violations": 0,
    "monotonic_write_violations": 82,
    "stale_reads": 32,
    "stale_read_rate": 0.030131826741996232,
    "stale_reads_checked": 1062
  },
  "total_ops": 2628
}