{
  "availability": {
    "overall": 0.9770517308440295,
    "reads": 0.9761526232114467,
    "writes": 0.9779131759329779
  },
  "availability_by_window": {
    "warmup": {
      "overall": 1.0,
      "reads": 1.0,
      "writes": 1.0,
      "ops": 429
    },
    "failure": {
      "overall": 0.97653683716565,
      "reads": 0.9766990291262136,
      "writes": 0.9763851044504995,
      "ops": 2131
    },
    "recovery": {
      "overall": 0.18181818181818182,
      "reads": 0.0,
      "writes": 0.4,
      "ops": 11
    }
  },
  "consistency": {
    "empty_reads": 0,
    "multi_version_reads": 72,
    "ryw_violations": 55,
    "monotonic_read_violations": 0,
    "monotonic_write_violations": 92,
    "stale_reads": 38,
    "stale_read_rate": 0.03725490196078431,
    "stale_reads_checked": 1020
  },
  "total_ops": 2571
}