{
  "availability": {
    "overall": 0.7737797246558198,
    "reads": 0.7753357753357754,
    "writes": 0.7721437740693197
  },
  "availability_by_window": {
    "warmup": {
      "overall": 0.9322799097065463,
      "reads": 0.9392523364485982,
      "writes": 0.925764192139738,
      "ops": 443
    },
    "failure": {
      "overall": 0.7482746095168906,
      "reads": 0.7507022471910112,
      "writes": 0.745673438675696,
      "ops": 2753
    },
    "recovery": {
      "overall": 0.0,
      "reads": 0.0,
      "writes": 0.0,
      "ops": 0
    }
  },
  "consistency": {
    "empty_reads": 2,
    "multi_version_reads": 67,
    "ryw_violations": 48,
    "monotonic_read_violations": 0,
    "monotonic_write_violations": 66,
    "stale_reads": 51,
    "stale_read_rate": 0.048204158790170135,
    "stale_reads_checked": 1058
  },
  "total_ops": 3196
}