{
  "availability": {
    "overall": 0.8785828025477707,
    "reads": 0.943089430894309,
    "writes": 0.8166926677067082
  },
  "availability_by_window": {
    "warmup": {
      "overall": 0.9123222748815166,
      "reads": 0.9821428571428571,
      "writes": 0.8333333333333334,
      "ops": 422
    },
    "failure": {
      "overall": 0.875,
      "reads": 0.936,
      "writes": 0.8180970149253731,
      "ops": 2072
    },
    "recovery": {
      "overall": 0.5,
      "reads": 0.6666666666666666,
      "writes": 0.4166666666666667,
      "ops": 18
    }
  },
  "consistency": {
    "empty_reads": 9,
    "multi_version_reads": 92,
    "ryw_violations": 22,
    "monotonic_read_violations": 0,
    "monotonic_write_violations": 23,
    "stale_reads": 181,
    "stale_read_rate": 0.20200892857142858,
    "stale_reads_checked": 896
  },
  "total_ops": 2512
}