{
  "availability": {
    "overall": 0.8301351576839646,
    "reads": 0.8333888703765412,
    "writes": 0.8268716577540107
  },
  "availability_by_window": {
    "warmup": {
      "overall": 0.9935275080906149,
      "reads": 0.9933628318584071,
      "writes": 0.9936842105263158,
      "ops": 927
    },
    "failure": {
      "overall": 0.7958034800409417,
      "reads": 0.8044579533941236,
      "writes": 0.7869700103412617,
      "ops": 1954
    },
    "recovery": {
      "overall": 0.8030205655526992,
      "reads": 0.8053777208706786,
      "writes": 0.8006451612903226,
      "ops": 3112
    }
  },
  "consistency": {
    "empty_reads": 0,
    "multi_version_reads": 2,
    "ryw_violations": 262,
    "monotonic_read_violations": 3,
    "monotonic_write_violations": 290
  },
  "total_ops": 5993
}