{
  "availability": {
    "overall": 0.9690332326283988,
    "reads": 0.9722650231124808,
    "writes": 0.965925925925926
  },
  "availability_by_window": {
    "warmup": {
      "overall": 0.9885844748858448,
      "reads": 0.9872340425531915,
      "writes": 0.9901477832512315,
      "ops": 438
    },
    "failure": {
      "overall": 0.965158371040724,
      "reads": 0.9689557855126999,
      "writes": 0.9616390584132519,
      "ops": 2210
    },
    "recovery": {
      "overall": 0.0,
      "reads": 0.0,
      "writes": 0.0,
      "ops": 0
    }
  },
  "consistency": {
    "empty_reads": 0,
    "multi_version_reads": 60,
    "ryw_violations": 69,
    "monotonic_read_violations": 0,
    "monotonic_write_violations": 79,
    "stale_reads": 41,
    "stale_read_rate": 0.03934740882917467,
    "stale_reads_checked": 1042
  },
  "total_ops": 2648
}