{
  "availability": {
    "overall": 0.9288413098236776,
    "reads": 0.9496932515337423,
    "writes": 0.906856403622251
  },
  "availability_by_window": {
    "warmup": {
      "overall": 0.963265306122449,
      "reads": 0.983739837398374,
      "writes": 0.9426229508196722,
      "ops": 245
    },
    "failure": {
      "overall": 0.9223300970873787,
      "reads": 0.9436416184971098,
      "writes": 0.8995363214837713,
      "ops": 1339
    },
    "recovery": {
      "overall": 1.0,
      "reads": 0.0,
      "writes": 1.0,
      "ops": 4
    }
  },
  "consistency": {
    "empty_reads": 0,
    "multi_version_reads": 39,
    "ryw_violations": 13,
    "monotonic_read_violations": 0,
    "monotonic_write_violations": 17,
    "stale_reads": 47,
    "stale_read_rate": 0.08274647887323944,
    "stale_reads_checked": 568
  },
  "total_ops": 1588
}