{
  "availability": {
    "overall": 0.9430463576158941,
    "reads": 0.9557046979865772,
    "writes": 0.930718954248366
  },
  "availability_by_window": {
    "warmup": {
      "overall": 0.9877049180327869,
      "reads": 1.0,
      "writes": 0.9739130434782609,
      "ops": 244
    },
    "failure": {
      "overall": 0.94,
      "reads": 0.9495114006514658,
      "writes": 0.9308176100628931,
      "ops": 1250
    },
    "recovery": {
      "overall": 0.5,
      "reads": 0.0,
      "writes": 0.5714285714285714,
      "ops": 16
    }
  },
  "consistency": {
    "empty_reads": 0,
    "multi_version_reads": 15,
    "ryw_violations": 9,
    "monotonic_read_violations": 0,
    "monotonic_write_violations": 19,
    "stale_reads": 47,
    "stale_read_rate": 0.09251968503937008,
    "stale_reads_checked": 508
  },
  "total_ops": 1510
}