{
  "availability": {
    "overall": 0.9331168831168831,
    "reads": 0.9559412550066756,
    "writes": 0.911504424778761
  },
  "availability_by_window": {
    "warmup": {
      "overall": 0.9795918367346939,
      "reads": 0.9916666666666667,
      "writes": 0.968,
      "ops": 245
    },
    "failure": {
      "overall": 0.9243243243243243,
      "reads": 0.9491255961844197,
      "writes": 0.9009009009009009,
      "ops": 1295
    },
    "recovery": {
      "overall": 0.0,
      "reads": 0.0,
      "writes": 0.0,
      "ops": 0
    }
  },
  "consistency": {
    "empty_reads": 1,
    "multi_version_reads": 25,
    "ryw_violations": 8,
    "monotonic_read_violations": 0,
    "monotonic_write_violations": 15,
    "stale_reads": 46,
    "stale_read_rate": 0.08487084870848709,
    "stale_reads_checked": 542
  },
  "total_ops": 1540
}