{
  "availability": {
    "overall": 0.9988425925925926,
    "reads": 1.0,
    "writes": 0.997557003257329
  },
  "availability_by_window": {
    "warmup": {
      "overall": 0.9951923076923077,
      "reads": 1.0,
      "writes": 0.9894179894179894,
      "ops": 416
    },
    "failure": {
      "overall": 0.9995404411764706,
      "reads": 1.0,
      "writes": 0.9990375360923965,
      "ops": 2176
    },
    "recovery": {
      "overall": 0.0,
      "reads": 0.0,
      "writes": 0.0,
      "ops": 0
    }
  },
  "consistency": {
    "empty_reads": 0,
    "multi_version_reads": 84,
    "ryw_violations": 51,
    "monotonic_read_violations": 0,
    "monotonic_write_violations": 69,
    "stale_reads": 46,
    "stale_read_rate": 0.04151624548736462,
    "stale_reads_checked": 1108
  },
  "total_ops": 2592
}